"0","mm <- model.matrix(~0 + group + mouse + HScore)"
"0","y <- voom(d, mm, plot = F)"
"1","Coefficients not estimable:"
"1"," "
"1","mouse206 mouse7531"
"1"," "
"1","
"
"2","Warning: Partial NA coefficients for 11730 probe(s)"
"0","fit <- lmFit(y, mm)"
"1","Coefficients not estimable:"
"1"," "
"1","mouse206 mouse7531"
"1"," "
"1","
"
"2","Warning: Partial NA coefficients for 11730 probe(s)"
"0","contr <- makeContrasts(groupKOMIR150.NC - groupWT.NC,"
"0","                       levels = colnames(coef(fit)))"
"0","tmp <- contrasts.fit(fit, contr)"
"0","tmp <- eBayes(tmp)"
"0","top.table <- topTable(tmp, sort.by = ""P"", n = Inf)"
"0","head(top.table, 20)"
